{"lr": 0.0019819639278557113, "data_time": 0.20644007682800292, "loss": 2.0671877908706664, "loss_rpn_cls": 0.3777492666989565, "loss_rpn_bbox": 0.016419033580459656, "s0.loss_cls": 0.24266387283802032, "s0.acc": 94.140625, "s0.loss_bbox": 0.08410546358150896, "s0.loss_mask": 0.6848613929748535, "s1.loss_cls": 0.10568730764091015, "s1.acc": 97.4609375, "s1.loss_bbox": 0.009139467986024101, "s1.loss_mask": 0.3387983775138855, "s2.loss_cls": 0.04326344857923686, "s2.acc": 98.6328125, "s2.loss_bbox": 0.0007906588922560331, "s2.loss_mask": 0.1637095183134079, "time": 6.772593989372253, "epoch": 1, "iter": 50, "step": 50}
{"lr": 0.0039839679358717435, "data_time": 0.003938937187194824, "loss": 1.3780046427249908, "loss_rpn_cls": 0.039144962336868046, "loss_rpn_bbox": 0.00864030777476728, "s0.loss_cls": 0.1335462626442313, "s0.acc": 94.53125, "s0.loss_bbox": 0.1460396709293127, "s0.loss_mask": 0.5532303154468536, "s1.loss_cls": 0.0391985915787518, "s1.acc": 94.7265625, "s1.loss_bbox": 0.02576066007008194, "s1.loss_mask": 0.27657355695962904, "s2.loss_cls": 0.012162392679601907, "s2.acc": 96.09375, "s2.loss_bbox": 0.002815130517765283, "s2.loss_mask": 0.1408927871286869, "time": 10.169613342285157, "epoch": 1, "iter": 100, "step": 100}
{"lr": 0.005985971943887774, "data_time": 0.004338593482971192, "loss": 1.422480103969574, "loss_rpn_cls": 0.043847892340272664, "loss_rpn_bbox": 0.010562516003847121, "s0.loss_cls": 0.16707470893859863, "s0.acc": 87.6953125, "s0.loss_bbox": 0.1812755499780178, "s0.loss_mask": 0.5047588884830475, "s1.loss_cls": 0.0674013247527182, "s1.acc": 90.234375, "s1.loss_bbox": 0.048337697623064745, "s1.loss_mask": 0.24586439937353133, "s2.loss_cls": 0.02015013481490314, "s2.acc": 98.046875, "s2.loss_bbox": 0.007422584376181476, "s2.loss_mask": 0.12578441739082336, "time": 10.516249222755432, "epoch": 1, "iter": 150, "step": 150}
{"lr": 0.007987975951903804, "data_time": 0.004261178970336914, "loss": 1.2454452800750733, "loss_rpn_cls": 0.0397208094689995, "loss_rpn_bbox": 0.01308581325225532, "s0.loss_cls": 0.1528866619244218, "s0.acc": 96.09375, "s0.loss_bbox": 0.14279648270457984, "s0.loss_mask": 0.42993052423000333, "s1.loss_cls": 0.061522308923304084, "s1.acc": 95.3125, "s1.loss_bbox": 0.04691084259189665, "s1.loss_mask": 0.21833083242177964, "s2.loss_cls": 0.022427724087610842, "s2.acc": 97.0703125, "s2.loss_bbox": 0.0099486811098177, "s2.loss_mask": 0.10788460619747639, "time": 10.059394364356995, "epoch": 1, "iter": 200, "step": 200}
{"lr": 0.009989979959919832, "data_time": 0.00541928768157959, "loss": 1.2331487929821014, "loss_rpn_cls": 0.042343056593090296, "loss_rpn_bbox": 0.012431290727108716, "s0.loss_cls": 0.1652041267231107, "s0.acc": 94.140625, "s0.loss_bbox": 0.156479453407228, "s0.loss_mask": 0.3992069184780121, "s1.loss_cls": 0.06776713925413787, "s1.acc": 94.921875, "s1.loss_bbox": 0.05374664106173441, "s1.loss_mask": 0.19787004023790358, "s2.loss_cls": 0.023282928988337517, "s2.acc": 95.5078125, "s2.loss_bbox": 0.012235812338185497, "s2.loss_mask": 0.10258137837052345, "time": 13.604199962615967, "epoch": 1, "iter": 250, "step": 250}
{"lr": 0.011991983967935849, "data_time": 0.004016623497009277, "loss": 1.0467559456825257, "loss_rpn_cls": 0.02930475370027125, "loss_rpn_bbox": 0.010158117924584075, "s0.loss_cls": 0.1222135103866458, "s0.acc": 96.875, "s0.loss_bbox": 0.1462636060267687, "s0.loss_mask": 0.3323764011263847, "s1.loss_cls": 0.05802932219579816, "s1.acc": 97.265625, "s1.loss_bbox": 0.05401454376988113, "s1.loss_mask": 0.16800337433815002, "s2.loss_cls": 0.02615135667845607, "s2.acc": 97.0703125, "s2.loss_bbox": 0.01825289515487384, "s2.loss_mask": 0.08198805205523968, "time": 9.090738730430603, "epoch": 1, "iter": 300, "step": 300}
{"lr": 0.01399398797595188, "data_time": 0.0037202835083007812, "loss": 1.1133489000797272, "loss_rpn_cls": 0.021135506234131754, "loss_rpn_bbox": 0.0115545306308195, "s0.loss_cls": 0.13486682146787643, "s0.acc": 95.703125, "s0.loss_bbox": 0.18611466713249683, "s0.loss_mask": 0.3148357191681862, "s1.loss_cls": 0.07208380572497845, "s1.acc": 94.53125, "s1.loss_bbox": 0.07141801781952381, "s1.loss_mask": 0.16578536465764046, "s2.loss_cls": 0.03406303704716265, "s2.acc": 95.5078125, "s2.loss_bbox": 0.02275139925070107, "s2.loss_mask": 0.0787400432676077, "time": 7.249596467018128, "epoch": 1, "iter": 350, "step": 350}
{"coco/bbox_mAP": 0.39, "coco/bbox_mAP_50": 0.739, "coco/bbox_mAP_75": 0.38, "coco/bbox_mAP_s": -1.0, "coco/bbox_mAP_m": 0.413, "coco/bbox_mAP_l": 0.389, "coco/segm_mAP": 0.481, "coco/segm_mAP_50": 0.755, "coco/segm_mAP_75": 0.545, "coco/segm_mAP_s": -1.0, "coco/segm_mAP_m": 0.471, "coco/segm_mAP_l": 0.634, "data_time": 0.09393093472435361, "time": 3.27946309362139, "step": 1}
{"lr": 0.0165565531062124, "data_time": 0.0035491085052490236, "loss": 0.8269588816165924, "loss_rpn_cls": 0.02031883464427665, "loss_rpn_bbox": 0.013906947661889718, "s0.loss_cls": 0.11067833445966244, "s0.acc": 96.875, "s0.loss_bbox": 0.1465597301721573, "s0.loss_mask": 0.19399099707603454, "s1.loss_cls": 0.05880755933001638, "s1.acc": 97.265625, "s1.loss_bbox": 0.07131650811061263, "s1.loss_mask": 0.10145898275077343, "s2.loss_cls": 0.03255500068888068, "s2.acc": 95.8984375, "s2.loss_bbox": 0.026944398512132466, "s2.loss_mask": 0.05042158655822277, "time": 7.110456085205078, "epoch": 2, "iter": 414, "step": 414}
{"lr": 0.018558557114228425, "data_time": 0.003846850395202637, "loss": 0.7822501260042191, "loss_rpn_cls": 0.017436828226782383, "loss_rpn_bbox": 0.010171185564249754, "s0.loss_cls": 0.08668343503028154, "s0.acc": 96.484375, "s0.loss_bbox": 0.13731931760907173, "s0.loss_mask": 0.1955096359550953, "s1.loss_cls": 0.04734080404043198, "s1.acc": 97.8515625, "s1.loss_bbox": 0.06781362377107143, "s1.loss_mask": 0.10360985159873963, "s2.loss_cls": 0.03161596465855837, "s2.acc": 98.828125, "s2.loss_bbox": 0.031183755975216627, "s2.loss_mask": 0.05356573019176722, "time": 8.593697276115417, "epoch": 2, "iter": 464, "step": 464}
{"lr": 0.019999999999999952, "data_time": 0.006318955421447754, "loss": 0.8262457096576691, "loss_rpn_cls": 0.022006893560755997, "loss_rpn_bbox": 0.0109900421067141, "s0.loss_cls": 0.11268320873379707, "s0.acc": 94.3359375, "s0.loss_bbox": 0.1348157186806202, "s0.loss_mask": 0.20218070194125176, "s1.loss_cls": 0.06494167007505894, "s1.acc": 93.9453125, "s1.loss_bbox": 0.06670524157583714, "s1.loss_mask": 0.10053303189575673, "s2.loss_cls": 0.03359006056562066, "s2.acc": 93.75, "s2.loss_bbox": 0.028310790723189712, "s2.loss_mask": 0.04948834516108036, "time": 17.100604076385498, "epoch": 2, "iter": 514, "step": 514}
{"lr": 0.019999999999999952, "data_time": 0.004421577453613281, "loss": 1.1264645659923553, "loss_rpn_cls": 0.03982180933002383, "loss_rpn_bbox": 0.012700698800617829, "s0.loss_cls": 0.14027269668877124, "s0.acc": 96.484375, "s0.loss_bbox": 0.1430006778985262, "s0.loss_mask": 0.3515899908542633, "s1.loss_cls": 0.07140487881377339, "s1.acc": 95.1171875, "s1.loss_bbox": 0.06076835574582219, "s1.loss_mask": 0.1706755632162094, "s2.loss_cls": 0.03129833928775042, "s2.acc": 97.4609375, "s2.loss_bbox": 0.019938705547247082, "s2.loss_mask": 0.08499284490942954, "time": 9.876453757286072, "epoch": 2, "iter": 564, "step": 564}
{"lr": 0.019999999999999952, "data_time": 0.0039909458160400394, "loss": 0.8568384158611297, "loss_rpn_cls": 0.037012475631199776, "loss_rpn_bbox": 0.012656598601024598, "s0.loss_cls": 0.10497915878891945, "s0.acc": 96.2890625, "s0.loss_bbox": 0.13179845809936525, "s0.loss_mask": 0.22530171498656273, "s1.loss_cls": 0.05602746115997434, "s1.acc": 96.2890625, "s1.loss_bbox": 0.06538393879309297, "s1.loss_mask": 0.11542722292244434, "s2.loss_cls": 0.02948467720299959, "s2.acc": 95.3125, "s2.loss_bbox": 0.02379420919343829, "s2.loss_mask": 0.05497250698506832, "time": 10.009211645126342, "epoch": 2, "iter": 614, "step": 614}
{"lr": 0.019999999999999952, "data_time": 0.004054751396179199, "loss": 0.8105112779140472,