{"lr": 0.0019819639278557113, "data_time": 0.19492601871490478, "loss": 1.9975583243370056, "loss_rpn_cls": 0.02632467497824109, "loss_rpn_bbox": 0.008111732094548643, "loss_cls": 0.17692644625902176, "acc": 97.8515625, "loss_bbox": 0.06075556750089163, "loss_mask": 1.7254398971796037, "time": 4.734258003234864, "epoch": 1, "iter": 50, "step": 50}
{"lr": 0.0039839679358717435, "data_time": 0.0024660348892211912, "loss": 0.6492390859127045, "loss_rpn_cls": 0.017201049658469855, "loss_rpn_bbox": 0.0084378375695087, "loss_cls": 0.07756238788366318, "acc": 96.875, "loss_bbox": 0.0935485813766718, "loss_mask": 0.4524892258644104, "time": 5.334202752113343, "epoch": 1, "iter": 100, "step": 100}
{"lr": 0.005985971943887774, "data_time": 0.0029044723510742187, "loss": 0.48609258770942687, "loss_rpn_cls": 0.004994167472759727, "loss_rpn_bbox": 0.005410152384429239, "loss_cls": 0.06180797223001719, "acc": 99.21875, "loss_bbox": 0.10223417617380619, "loss_mask": 0.31164611876010895, "time": 5.823320417404175, "epoch": 1, "iter": 150, "step": 150}
{"lr": 0.007987975951903804, "data_time": 0.002486777305603027, "loss": 0.5719551840424537, "loss_rpn_cls": 0.0093065061498055, "loss_rpn_bbox": 0.006162937997141853, "loss_cls": 0.05473293274641037, "acc": 98.828125, "loss_bbox": 0.07019441105425357, "loss_mask": 0.4315583950281143, "time": 5.708718724250794, "epoch": 1, "iter": 200, "step": 200}
{"lr": 0.009989979959919832, "data_time": 0.0025314760208129884, "loss": NaN, "loss_rpn_cls": NaN, "loss_rpn_bbox": NaN, "loss_cls": NaN, "acc": 100.0, "loss_bbox": NaN, "loss_mask": NaN, "time": 4.262488231658936, "epoch": 1, "iter": 250, "step": 250}
{"lr": 0.011991983967935849, "data_time": 0.002408151626586914, "loss": NaN, "loss_rpn_cls": NaN, "loss_rpn_bbox": NaN, "loss_cls": NaN, "acc": 100.0, "loss_bbox": NaN, "loss_mask": NaN, "time": 3.624870581626892, "epoch": 1, "iter": 300, "step": 300}
{"data_time": 0.14191788374775588, "time": 1.3786464411802966, "step": 1}
