{"data_time": 0.1009190286908831, "time": 0.8557335626511346}