{"lr": 0.0019819639278557113, "data_time": 0.2040482473373413, "loss": 1.9131913995742797, "loss_rpn_cls": 0.35093036144971845, "loss_rpn_bbox": 0.010262750894762576, "s0.loss_cls": 0.20844344865530728, "s0.acc": 95.1171875, "s0.loss_bbox": 0.07635612911151839, "s0.loss_mask": 0.6600896513462067, "s1.loss_cls": 0.08202964175492525, "s1.acc": 97.8515625, "s1.loss_bbox": 0.01892505076357338, "s1.loss_mask": 0.3157465490698814, "s2.loss_cls": 0.0331134571088478, "s2.acc": 99.21875, "s2.loss_bbox": 0.002283877953341289, "s2.loss_mask": 0.1550104883313179, "time": 8.033292832374572, "epoch": 1, "iter": 50, "step": 50}
{"lr": 0.0039839679358717435, "data_time": 0.004043607711791992, "loss": 1.4122915470600128, "loss_rpn_cls": 0.04254937782883644, "loss_rpn_bbox": 0.01221649348270148, "s0.loss_cls": 0.135151876732707, "s0.acc": 89.6484375, "s0.loss_bbox": 0.19984108574688433, "s0.loss_mask": 0.5157512235641479, "s1.loss_cls": 0.048629324231296775, "s1.acc": 89.84375, "s1.loss_bbox": 0.07004497486079345, "s1.loss_mask": 0.24491061002016068, "s2.loss_cls": 0.015760837430134414, "s2.acc": 96.875, "s2.loss_bbox": 0.011531967782175342, "s2.loss_mask": 0.11590378232300282, "time": 7.36812849521637, "epoch": 1, "iter": 100, "step": 100}
{"lr": 0.005985971943887774, "data_time": 0.0038962745666503906, "loss": 1.5321402609348298, "loss_rpn_cls": 0.062575306519866, "loss_rpn_bbox": 0.011831052964553238, "s0.loss_cls": 0.1634304116666317, "s0.acc": 98.4375, "s0.loss_bbox": 0.16305338349193335, "s0.loss_mask": 0.5654270648956299, "s1.loss_cls": 0.06217354841530323, "s1.acc": 98.6328125, "s1.loss_bbox": 0.0846050810359884, "s1.loss_mask": 0.2634650918841362, "s2.loss_cls": 0.017827916275709867, "s2.acc": 99.8046875, "s2.loss_bbox": 0.0155631153214199, "s2.loss_mask": 0.12218827188014984, "time": 7.266798305511474, "epoch": 1, "iter": 150, "step": 150}
{"lr": 0.007987975951903804, "data_time": 0.003988189697265625, "loss": 1.3271186327934266, "loss_rpn_cls": 0.039366646902635694, "loss_rpn_bbox": 0.01224636220606044, "s0.loss_cls": 0.13009132780134677, "s0.acc": 97.0703125, "s0.loss_bbox": 0.16113037776201963, "s0.loss_mask": 0.44340846240520476, "s1.loss_cls": 0.05631711622700095, "s1.acc": 96.484375, "s1.loss_bbox": 0.1024397116113687, "s1.loss_mask": 0.22658256471157073, "s2.loss_cls": 0.020232927170582116, "s2.acc": 97.65625, "s2.loss_bbox": 0.027873975378024624, "s2.loss_mask": 0.1074291531741619, "time": 7.8793199920654295, "epoch": 1, "iter": 200, "step": 200}
{"lr": 0.009989979959919832, "data_time": 0.0046493434906005856, "loss": 1.1917826485633851, "loss_rpn_cls": 0.024672677209600806, "loss_rpn_bbox": 0.011831357648479751, "s0.loss_cls": 0.12308886643499135, "s0.acc": 95.703125, "s0.loss_bbox": 0.17119345117360354, "s0.loss_mask": 0.31445475995540617, "s1.loss_cls": 0.062404796443879605, "s1.acc": 95.703125, "s1.loss_bbox": 0.14124115388840436, "s1.loss_mask": 0.16733682200312613, "s2.loss_cls": 0.027282203817740082, "s2.acc": 93.75, "s2.loss_bbox": 0.060558262057602404, "s2.loss_mask": 0.08771828711032867, "time": 8.967807130813599, "epoch": 1, "iter": 250, "step": 250}
{"lr": 0.011991983967935849, "data_time": 0.004058327674865723, "loss": 1.130669605731964, "loss_rpn_cls": 0.020443804934620856, "loss_rpn_bbox": 0.00940251985564828, "s0.loss_cls": 0.11652988635003567, "s0.acc": 89.6484375, "s0.loss_bbox": 0.14360744170844555, "s0.loss_mask": 0.29736209273338315, "s1.loss_cls": 0.06022904694080353, "s1.acc": 89.2578125, "s1.loss_bbox": 0.14074787438847125, "s1.loss_mask": 0.15965481892228126, "s2.loss_cls": 0.028830444947816433, "s2.acc": 90.8203125, "s2.loss_bbox": 0.07002393522765488, "s2.loss_mask": 0.08383773997426033, "time": 9.617688555717468, "epoch": 1, "iter": 300, "step": 300}
{"lr": 0.01399398797595188, "data_time": 0.0043439769744873045, "loss": 1.1639010000228882, "loss_rpn_cls": 0.036727928649634124, "loss_rpn_bbox": 0.016288951389724388, "s0.loss_cls": 0.13561100270599127, "s0.acc": 92.3828125, "s0.loss_bbox": 0.16566637806594373, "s0.loss_mask": 0.2628989268839359, "s1.loss_cls": 0.06820391591638326, "s1.acc": 88.8671875, "s1.loss_bbox": 0.14684347975999118, "s1.loss_mask": 0.13716204077005387, "s2.loss_cls": 0.03598583484068513, "s2.acc": 88.28125, "s2.loss_bbox": 0.08440964413341134, "s2.loss_mask": 0.07410288043320179, "time": 10.221380352973938, "epoch": 1, "iter": 350, "step": 350}
