{"lr": 0.0019819639278557113, "data_time": 0.18870026588439942, "loss": 1.9512688302993775, "loss_rpn_cls": 0.36462885327637196, "loss_rpn_bbox": 0.01402100509731099, "s0.loss_cls": 0.20924804151058196, "s0.acc": 95.5078125, "s0.loss_bbox": 0.06259170135861496, "s0.loss_mask": 0.6619792228937149, "s1.loss_cls": 0.0971999132167548, "s1.acc": 98.6328125, "s1.loss_bbox": 0.00808825906355196, "s1.loss_mask": 0.32918676376342776, "s2.loss_cls": 0.042361659635789695, "s2.acc": 99.4140625, "s2.loss_bbox": 0.000618325684699812, "s2.loss_mask": 0.16134508550167084, "time": 7.2350680446624756, "epoch": 1, "iter": 50, "step": 50}
{"lr": 0.0039839679358717435, "data_time": 0.004879817962646484, "loss": 1.4223234069347381, "loss_rpn_cls": 0.04264371823519468, "loss_rpn_bbox": 0.010606528571806849, "s0.loss_cls": 0.1224663032591343, "s0.acc": 98.4375, "s0.loss_bbox": 0.17794904036447406, "s0.loss_mask": 0.5647218811511994, "s1.loss_cls": 0.04044701700098813, "s1.acc": 99.0234375, "s1.loss_bbox": 0.026119006991939385, "s1.loss_mask": 0.2846783450245857, "s2.loss_cls": 0.012199629563838243, "s2.acc": 99.8046875, "s2.loss_bbox": 0.002625067387125455, "s2.loss_mask": 0.13786687284708024, "time": 8.402074484825134, "epoch": 1, "iter": 100, "step": 100}
{"lr": 0.005985971943887774, "data_time": 0.005179972648620606, "loss": 1.2326062750816345, "loss_rpn_cls": 0.034160323441028595, "loss_rpn_bbox": 0.012563562806462869, "s0.loss_cls": 0.11917000375688076, "s0.acc": 93.9453125, "s0.loss_bbox": 0.16684912458062173, "s0.loss_mask": 0.4207323050498962, "s1.loss_cls": 0.05361955255270004, "s1.acc": 95.5078125, "s1.loss_bbox": 0.054777267081663014, "s1.loss_mask": 0.2248798418045044, "s2.loss_cls": 0.019782827720046043, "s2.acc": 95.3125, "s2.loss_bbox": 0.008513902352351579, "s2.loss_mask": 0.11755754798650742, "time": 10.118873281478882, "epoch": 1, "iter": 150, "step": 150}
{"lr": 0.007987975951903804, "data_time": 0.005239324569702148, "loss": 1.153540769815445, "loss_rpn_cls": 0.026080922335386277, "loss_rpn_bbox": 0.011504773194901645, "s0.loss_cls": 0.11864938206970692, "s0.acc": 94.140625, "s0.loss_bbox": 0.15238879086449741, "s0.loss_mask": 0.3915065068006516, "s1.loss_cls": 0.05491932742297649, "s1.acc": 92.578125, "s1.loss_bbox": 0.05753790359012782, "s1.loss_mask": 0.2033061984181404, "s2.loss_cls": 0.020795494597405196, "s2.acc": 93.359375, "s2.loss_bbox": 0.013655244408000726, "s2.loss_mask": 0.10319623358547687, "time": 10.927892923355103, "epoch": 1, "iter": 200, "step": 200}
{"lr": 0.009989979959919832, "data_time": 0.005270123481750488, "loss": 1.0499685859680177, "loss_rpn_cls": 0.017865715983789415, "loss_rpn_bbox": 0.009713135852798586, "s0.loss_cls": 0.11531868405640125, "s0.acc": 96.875, "s0.loss_bbox": 0.17288924135267736, "s0.loss_mask": 0.3114338293671608, "s1.loss_cls": 0.05472732542082667, "s1.acc": 97.0703125, "s1.loss_bbox": 0.061590113108977676, "s1.loss_mask": 0.16880762636661528, "s2.loss_cls": 0.02762671231292188, "s2.acc": 98.046875, "s2.loss_bbox": 0.01640963122306857, "s2.loss_mask": 0.09358658038079738, "time": 10.437813038825988, "epoch": 1, "iter": 250, "step": 250}
{"lr": 0.011991983967935849, "data_time": 0.005792970657348633, "loss": 1.1704559314250946, "loss_rpn_cls": 0.043485801620408895, "loss_rpn_bbox": 0.01494858109857887, "s0.loss_cls": 0.13147917728871106, "s0.acc": 97.65625, "s0.loss_bbox": 0.14461832981556655, "s0.loss_mask": 0.3875387528538704, "s1.loss_cls": 0.05567717123776674, "s1.acc": 99.4140625, "s1.loss_bbox": 0.05485389830544591, "s1.loss_mask": 0.20178062424063684, "s2.loss_cls": 0.026442141644656657, "s2.acc": 99.8046875, "s2.loss_bbox": 0.016304324329830706, "s2.loss_mask": 0.0933271224796772, "time": 10.625759773254394, "epoch": 1, "iter": 300, "step": 300}
{"lr": 0.01399398797595188, "data_time": 0.006028261184692383, "loss": 1.0495151281356812, "loss_rpn_cls": 0.0330146963801235, "loss_rpn_bbox": 0.00971751298289746, "s0.loss_cls": 0.13719698540866376, "s0.acc": 91.40625, "s0.loss_bbox": 0.15588672131299972, "s0.loss_mask": 0.31348798707127573, "s1.loss_cls": 0.06531767845153809, "s1.acc": 94.3359375, "s1.loss_bbox": 0.057973149977624414, "s1.loss_mask": 0.15428399205207824, "s2.loss_cls": 0.027657153801992535, "s2.acc": 91.015625, "s2.loss_bbox": 0.018004608898772857, "s2.loss_mask": 0.07697464048862457, "time": 11.50277081489563, "epoch": 1, "iter": 350, "step": 350}
{"coco/bbox_mAP": 0.224, "coco/bbox_mAP_50": 0.611, "coco/bbox_mAP_75": 0.071, "coco/bbox_mAP_s": -1.0, "coco/bbox_mAP_m": 0.238, "coco/bbox_mAP_l": 0.208, "coco/segm_mAP": 0.329, "coco/segm_mAP_50": 0.62, "coco/segm_mAP_75": 0.348, "coco/segm_mAP_s": -1.0, "coco/segm_mAP_m": 0.325, "coco/segm_mAP_l": 0.427, "data_time": 0.09864288738795689, "time": 4.099429639180501, "step": 1}
{"lr": 0.0165565531062124, "data_time": 0.003798561096191406, "loss": 1.0989908790588379, "loss_rpn_cls": 0.03188378455583006, "loss_rpn_bbox": 0.012748465948970989, "s0.loss_cls": 0.12355704553425312, "s0.acc": 96.09375, "s0.loss_bbox": 0.1482170571386814, "s0.loss_mask": 0.3722685058414936, "s1.loss_cls": 0.05562588632106781, "s1.acc": 94.53125, "s1.loss_bbox": 0.051941886582644654, "s1.loss_mask": 0.17550840929150582, "s2.loss_cls": 0.024177353417035193, "s2.acc": 92.96875, "s2.loss_bbox": 0.018097695225733332, "s2.loss_mask": 0.0849648080766201, "time": 8.885810022354127, "epoch": 2, "iter": 414, "step": 414}
{"lr": 0.018558557114228425, "data_time": 0.0033031368255615236, "loss": 0.9135508698225021, "loss_rpn_cls": 0.02766285289078951, "loss_rpn_bbox": 0.012189804541412741, "s0.loss_cls": 0.09868928611278534, "s0.acc": 98.2421875, "s0.loss_bbox": 0.1198428636789322, "s0.loss_mask": 0.3018072274327278, "s1.loss_cls": 0.05190714137628674, "s1.acc": 97.0703125, "s1.loss_bbox": 0.05151547286659479, "s1.loss_mask": 0.14109836272895337, "s2.loss_cls": 0.023868728312663734, "s2.acc": 98.046875, "s2.loss_bbox": 0.016884058725554495, "s2.loss_mask": 0.06808507457375526, "time": 7.542717461585998, "epoch": 2, "iter": 464, "step": 464}
{"lr": 0.019999999999999952, "data_time": 0.003396463394165039, "loss": 1.1858887380361558, "loss_rpn_cls": 0.08107305875048042, "loss_rpn_bbox": 0.029411638509482144, "s0.loss_cls": 0.10137373883277177, "s0.acc": 88.8671875, "s0.loss_bbox": 0.11029563724063336, "s0.loss_mask": 0.46329638332128525, "s1.loss_cls": 0.04281207177788019, "s1.acc": 92.3828125, "s1.loss_bbox": 0.03583191453479231, "s1.loss_mask": 0.19984201729297638, "s2.loss_cls": 0.017663460080511867, "s2.acc": 94.7265625, "s2.loss_bbox": 0.009650543174357153, "s2.loss_mask": 0.0946382861956954, "time": 6.595382490158081, "epoch": 2, "iter": 514, "step": 514}
{"lr": 0.019999999999999952, "data_time": 0.0037056684494018556, "loss": 1.0947678637504579, "loss_rpn_cls": 0.05267662847414613, "loss_rpn_bbox": 0.01921185021987185, "s0.loss_cls": 0.13256823055446149, "s0.acc": 91.2109375, "s0.loss_bbox": 0.14177106730639935, "s0.loss_mask": 0.3563978445529938, "s1.loss_cls": 0.05636031400412321, "s1.acc": 90.625, "s1.loss_bbox": 0.04609440968371928, "s1.loss_mask": 0.16993173509836196, "s2.loss_cls": 0.024876171587966383, "s2.acc": 91.2109375, "s2.loss_bbox": 0.014421472494723276, "s2.loss_mask": 0.08045814111828804, "time": 6.88514552116394, "epoch": 2, "iter": 564, "step": 564}
{"lr": 0.019999999999999952, "data_time": 0.0039366865158081054, "loss": 0.9570184856653213, "loss_rpn_cls": 0.04216668063774705, "loss_rpn_bbox": 0.011612862152105663, "s0.loss_cls": 0.11279062874615192, "s0.acc": 96.2890625, "s0.loss_bbox": 0.14931847095489503, "s0.loss_mask": 0.28445692241191867, "s1.loss_cls": 0.05534050017595291, "s1.acc": 95.8984375, "s1.loss_bbox": 0.06377497924957425, "s1.loss_mask": 0.12499110326170922, "s2.loss_cls": 0.02862132515758276, "s2.acc": 96.2890625, "s2.loss_bbox": 0.021395353107945995, "s2.loss_mask": 0.06254966534674168, "time": 7.190638365745545, "epoch": 2, "iter": 614, "step": 614}
{"lr": 0.019999999999999952, "data_time": 0.0038858509063720704, "loss": 0.7792949104309081,