{"lr": 0.0019819639278557113, "data_time": 0.6133190107345581, "loss": 1.946161873936653, "loss_rpn_cls": 0.0264993342012167, "loss_rpn_bbox": 0.008425891682272778, "loss_cls": 0.18527823887765407, "acc": 97.4609375, "loss_bbox": 0.08052613768726587, "loss_mask": 1.6454322656989098, "time": 5.6618025636672975, "epoch": 1, "iter": 50, "step": 50}
{"lr": 0.0039839679358717435, "data_time": 0.0022432279586791994, "loss": 0.5298257178068161, "loss_rpn_cls": 0.01099561582552269, "loss_rpn_bbox": 0.006825496344827115, "loss_cls": 0.08030446469783784, "acc": 96.875, "loss_bbox": 0.10757314920425415, "loss_mask": 0.3241269923746586, "time": 5.23950756072998, "epoch": 1, "iter": 100, "step": 100}
{"lr": 0.005985971943887774, "data_time": 0.002749767303466797, "loss": 0.3851875612139702, "loss_rpn_cls": 0.007055990359513089, "loss_rpn_bbox": 0.007391264974139631, "loss_cls": 0.04637730598449707, "acc": 98.2421875, "loss_bbox": 0.06241787437349558, "loss_mask": 0.2619451266527176, "time": 5.139575452804565, "epoch": 1, "iter": 150, "step": 150}
{"lr": 0.007987975951903804, "data_time": 0.002436923980712891, "loss": 0.22440450981259347, "loss_rpn_cls": 0.0025377846320043316, "loss_rpn_bbox": 0.005445467020617798, "loss_cls": 0.030895802453160287, "acc": 99.8046875, "loss_bbox": 0.040167750753462315, "loss_mask": 0.14535770758986474, "time": 5.311496839523316, "epoch": 1, "iter": 200, "step": 200}
{"lr": 0.009989979959919832, "data_time": 0.002558183670043945, "loss": 0.3356374126672745, "loss_rpn_cls": 0.006689485738170333, "loss_rpn_bbox": 0.006510178484022617, "loss_cls": 0.05233915502205491, "acc": 96.09375, "loss_bbox": 0.05240105845034122, "loss_mask": 0.21769753366708755, "time": 5.315126223564148, "epoch": 1, "iter": 250, "step": 250}
{"lr": 0.011991983967935849, "data_time": 0.0024627685546875, "loss": 0.5872172078490258, "loss_rpn_cls": 0.020029968931921757, "loss_rpn_bbox": 0.009841556181199848, "loss_cls": 0.0662462880462408, "acc": 99.0234375, "loss_bbox": 0.06095154944807291, "loss_mask": 0.4301478464901447, "time": 5.4444611501693725, "epoch": 1, "iter": 300, "step": 300}
{"coco/bbox_mAP": 0.49, "coco/bbox_mAP_50": 0.803, "coco/bbox_mAP_75": 0.567, "coco/bbox_mAP_s": -1.0, "coco/bbox_mAP_m": 0.15, "coco/bbox_mAP_l": 0.499, "coco/segm_mAP": 0.604, "coco/segm_mAP_50": 0.822, "coco/segm_mAP_75": 0.691, "coco/segm_mAP_s": -1.0, "coco/segm_mAP_m": 0.04, "coco/segm_mAP_l": 0.617, "data_time": 0.15801341846735792, "time": 2.6964710481239087, "step": 1}
{"lr": 0.015955951903807587, "data_time": 0.002615385055541992, "loss": 0.46770680099725725, "loss_rpn_cls": 0.012902598531800322, "loss_rpn_bbox": 0.010626372068654745, "loss_cls": 0.06165738683193922, "acc": 98.6328125, "loss_bbox": 0.06241327757015824, "loss_mask": 0.320107164978981, "time": 5.440651054382324, "epoch": 2, "iter": 399, "step": 399}
{"lr": 0.017957955911823618, "data_time": 0.0025330018997192384, "loss": NaN, "loss_rpn_cls": NaN, "loss_rpn_bbox": NaN, "loss_cls": NaN, "acc": 100.0, "loss_bbox": NaN, "loss_mask": NaN, "time": 5.219009652137756, "epoch": 2, "iter": 449, "step": 449}
{"lr": 0.01995995991983963, "data_time": 0.0025235462188720704, "loss": NaN, "loss_rpn_cls": NaN, "loss_rpn_bbox": NaN, "loss_cls": NaN, "acc": 100.0, "loss_bbox": NaN, "loss_mask": NaN, "time": 3.181461019515991, "epoch": 2, "iter": 499, "step": 499}
{"lr": 0.019999999999999952, "data_time": 0.0024962663650512696, "loss": NaN, "loss_rpn_cls": NaN, "loss_rpn_bbox": NaN, "loss_cls": NaN, "acc": 100.0, "loss_bbox": NaN, "loss_mask": NaN, "time": 3.3862935066223145, "epoch": 2, "iter": 549, "step": 549}
{"lr": 0.019999999999999952, "data_time": 0.002880887985229492, "loss": NaN, "loss_rpn_cls": NaN, "loss_rpn_bbox": NaN, "loss_cls": NaN, "acc": 100.0, "loss_bbox": NaN, "loss_mask": NaN, "time": 3.5093920612335205, "epoch": 2, "iter": 599, "step": 599}
{"lr": 0.019999999999999952, "data_time": 0.0028392791748046873, "loss": NaN, "loss_rpn_cls": NaN, "loss_rpn_bbox": NaN, "loss_cls": NaN, "acc": 100.0, "loss_bbox": NaN, "loss_mask": NaN, "time": 3.4686516618728636, "epoch": 2, "iter": 649, "step": 649}
{"coco/bbox_mAP": 0.49, "coco/bbox_mAP_50": 0.803, "coco/bbox_mAP_75": 0.567, "coco/bbox_mAP_s": -1.0, "coco/bbox_mAP_m": 0.15, "coco/bbox_mAP_l": 0.499, "coco/segm_mAP": 0.604, "coco/segm_mAP_50": 0.822, "coco/segm_mAP_75": 0.691, "coco/segm_mAP_s": -1.0, "coco/segm_mAP_m": 0.04, "coco/segm_mAP_l": 0.617, "data_time": 0.0038051772117614745, "time": 1.4435684132575988, "step": 2}
{"lr": 0.019999999999999952, "data_time": 0.004219064712524414, "loss": NaN, "loss_rpn_cls": NaN, "loss_rpn_bbox": NaN, "loss_cls": NaN, "acc": 100.0, "loss_bbox": NaN, "loss_mask": NaN, "time": 6.7527326440811155, "epoch": 3, "iter": 748, "step": 748}
