{"data_time": 0.08953361965361095, "time": 0.8149157887413389}