{"data_time": 0.09087752614702498, "time": 0.8384144328889392}