{"lr": 0.0019819639278557113, "data_time": 0.18848613739013673, "loss": 1.9333492231369018, "loss_rpn_cls": 0.39426349781453607, "loss_rpn_bbox": 0.01273309249430895, "s0.loss_cls": 0.19906436022371055, "s0.acc": 97.4609375, "s0.loss_bbox": 0.0515510251672822, "s0.loss_mask": 0.6531673091650009, "s1.loss_cls": 0.07884758729487658, "s1.acc": 99.0234375, "s1.loss_bbox": 0.01591928536792693, "s1.loss_mask": 0.32376536071300505, "s2.loss_cls": 0.046967986919917167, "s2.acc": 99.609375, "s2.loss_bbox": 0.001811780944772181, "s2.loss_mask": 0.15525791704654693, "time": 6.030672078132629, "epoch": 1, "iter": 50, "step": 50}
{"lr": 0.0039839679358717435, "data_time": 0.003561248779296875, "loss": 1.3164618039131164, "loss_rpn_cls": 0.042212910372763875, "loss_rpn_bbox": 0.011181445388356224, "s0.loss_cls": 0.10519255563616753, "s0.acc": 98.2421875, "s0.loss_bbox": 0.15986580856144428, "s0.loss_mask": 0.5216558855772019, "s1.loss_cls": 0.03517760479822755, "s1.acc": 99.0234375, "s1.loss_bbox": 0.048755396367268986, "s1.loss_mask": 0.2486848533153534, "s2.loss_cls": 0.013214215645566582, "s2.acc": 99.0234375, "s2.loss_bbox": 0.008019250085599196, "s2.loss_mask": 0.12250185981392861, "time": 6.6977805280685425, "epoch": 1, "iter": 100, "step": 100}
{"lr": 0.005985971943887774, "data_time": 0.0039453601837158205, "loss": 1.3573625195026398, "loss_rpn_cls": 0.03417338606901467, "loss_rpn_bbox": 0.010786697128787636, "s0.loss_cls": 0.13477964662015438, "s0.acc": 94.921875, "s0.loss_bbox": 0.17643306959420443, "s0.loss_mask": 0.45021643340587614, "s1.loss_cls": 0.060035441694781186, "s1.acc": 92.96875, "s1.loss_bbox": 0.10872779452009126, "s1.loss_mask": 0.22387169808149338, "s2.loss_cls": 0.020566844609566034, "s2.acc": 96.484375, "s2.loss_bbox": 0.028206239732244284, "s2.loss_mask": 0.10956527069211006, "time": 7.678316326141357, "epoch": 1, "iter": 150, "step": 150}
{"lr": 0.007987975951903804, "data_time": 0.004328680038452148, "loss": 1.4026507890224458, "loss_rpn_cls": 0.03601321332156658, "loss_rpn_bbox": 0.013705555074848235, "s0.loss_cls": 0.15732055842876436, "s0.acc": 94.3359375, "s0.loss_bbox": 0.1739037326956168, "s0.loss_mask": 0.414731328189373, "s1.loss_cls": 0.07574840575456619, "s1.acc": 94.140625, "s1.loss_bbox": 0.1358127397997305, "s1.loss_mask": 0.21578185513615608, "s2.loss_cls": 0.027903562765568494, "s2.acc": 95.3125, "s2.loss_bbox": 0.0463033915948472, "s2.loss_mask": 0.10542643815279007, "time": 8.778301968574524, "epoch": 1, "iter": 200, "step": 200}
{"lr": 0.009989979959919832, "data_time": 0.0043127346038818355, "loss": 1.2180782318115235, "loss_rpn_cls": 0.026810636431910097, "loss_rpn_bbox": 0.013311517687980086, "s0.loss_cls": 0.12655992586165665, "s0.acc": 91.015625, "s0.loss_bbox": 0.15466849353164436, "s0.loss_mask": 0.3388189059495926, "s1.loss_cls": 0.06604638315737248, "s1.acc": 90.0390625, "s1.loss_bbox": 0.13400270765647293, "s1.loss_mask": 0.16638301074504852, "s2.loss_cls": 0.031391035243868826, "s2.acc": 87.109375, "s2.loss_bbox": 0.07470379278820474, "s2.loss_mask": 0.08538182877004147, "time": 9.58018867969513, "epoch": 1, "iter": 250, "step": 250}
{"lr": 0.011991983967935849, "data_time": 0.003837604522705078, "loss": 1.2951520085334778, "loss_rpn_cls": 0.057955376729369165, "loss_rpn_bbox": 0.018533064080402256, "s0.loss_cls": 0.13721414998173714, "s0.acc": 99.609375, "s0.loss_bbox": 0.1357125838799402, "s0.loss_mask": 0.40554761976003645, "s1.loss_cls": 0.06132526269182563, "s1.acc": 99.4140625, "s1.loss_bbox": 0.10200981853529811, "s1.loss_mask": 0.19909341171383857, "s2.loss_cls": 0.02847746361978352, "s2.acc": 99.4140625, "s2.loss_bbox": 0.05092290065891575, "s2.loss_mask": 0.09836035691201687, "time": 8.19991382598877, "epoch": 1, "iter": 300, "step": 300}
{"lr": 0.01399398797595188, "data_time": 0.0036383676528930664, "loss": NaN, "loss_rpn_cls": NaN, "loss_rpn_bbox": NaN, "s0.loss_cls": NaN, "s0.acc": 100.0, "s0.loss_bbox": NaN, "s0.loss_mask": NaN, "s1.loss_cls": NaN, "s1.acc": 100.0, "s1.loss_bbox": NaN, "s1.loss_mask": NaN, "s2.loss_cls": NaN, "s2.acc": 100.0, "s2.loss_bbox": NaN, "s2.loss_mask": NaN, "time": 6.149513411521911, "epoch": 1, "iter": 350, "step": 350}
{"data_time": 0.09356263932727632, "time": 1.0149913901374454, "step": 1}
{"lr": 0.0165565531062124, "data_time": 0.0038803434371948243, "loss": NaN, "loss_rpn_cls": NaN, "loss_rpn_bbox": NaN, "s0.loss_cls": NaN, "s0.acc": 100.0, "s0.loss_bbox": NaN, "s0.loss_mask": NaN, "s1.loss_cls": NaN, "s1.acc": 100.0, "s1.loss_bbox": NaN, "s1.loss_mask": NaN, "s2.loss_cls": NaN, "s2.acc": 100.0, "s2.loss_bbox": NaN, "s2.loss_mask": NaN, "time": 2.7323551893234255, "epoch": 2, "iter": 414, "step": 414}
{"lr": 0.018558557114228425, "data_time": 0.0041319322586059574, "loss": NaN, "loss_rpn_cls": NaN, "loss_rpn_bbox": NaN, "s0.loss_cls": NaN, "s0.acc": 100.0, "s0.loss_bbox": NaN, "s0.loss_mask": NaN, "s1.loss_cls": NaN, "s1.acc": 100.0, "s1.loss_bbox": NaN, "s1.loss_mask": NaN, "s2.loss_cls": NaN, "s2.acc": 100.0, "s2.loss_bbox": NaN, "s2.loss_mask": NaN, "time": 2.8133152294158936, "epoch": 2, "iter": 464, "step": 464}
{"lr": 0.019999999999999952, "data_time": 0.00412320613861084, "loss": NaN, "loss_rpn_cls": NaN, "loss_rpn_bbox": NaN, "s0.loss_cls": NaN, "s0.acc": 100.0, "s0.loss_bbox": NaN, "s0.loss_mask": NaN, "s1.loss_cls": NaN, "s1.acc": 100.0, "s1.loss_bbox": NaN, "s1.loss_mask": NaN, "s2.loss_cls": NaN, "s2.acc": 100.0, "s2.loss_bbox": NaN, "s2.loss_mask": NaN, "time": 2.826650538444519, "epoch": 2, "iter": 514, "step": 514}
{"lr": 0.019999999999999952, "data_time": 0.004084415435791015, "loss": NaN, "loss_rpn_cls": NaN, "loss_rpn_bbox": NaN, "s0.loss_cls": NaN, "s0.acc": 100.0, "s0.loss_bbox": NaN, "s0.loss_mask": NaN, "s1.loss_cls": NaN, "s1.acc": 100.0, "s1.loss_bbox": NaN, "s1.loss_mask": NaN, "s2.loss_cls": NaN, "s2.acc": 100.0, "s2.loss_bbox": NaN, "s2.loss_mask": NaN, "time": 2.888167133331299, "epoch": 2, "iter": 564, "step": 564}
{"lr": 0.019999999999999952, "data_time": 0.004443721771240234, "loss": NaN, "loss_rpn_cls": NaN, "loss_rpn_bbox": NaN, "s0.loss_cls": NaN, "s0.acc": 100.0, "s0.loss_bbox": NaN, "s0.loss_mask": NaN, "s1.loss_cls": NaN, "s1.acc": 100.0, "s1.loss_bbox": NaN, "s1.loss_mask": NaN, "s2.loss_cls": NaN, "s2.acc": 100.0, "s2.loss_bbox": NaN, "s2.loss_mask": NaN, "time": 2.8695479011535645, "epoch": 2, "iter": 614, "step": 614}
{"lr": 0.019999999999999952, "data_time": 0.004090428352355957, "loss": NaN, "loss_rpn_cls": NaN, "loss_rpn_bbox": NaN, "s0.loss_cls": NaN, "s0.acc": 100.0, "s0.loss_bbox": NaN, "s0.loss_mask": NaN, "s1.loss_cls": NaN, "s1.acc": 100.0, "s1.loss_bbox": NaN, "s1.loss_mask": NaN, "s2.loss_cls": NaN, "s2.acc": 100.0, "s2.loss_bbox": NaN, "s2.loss_mask": NaN, "time": 2.846634449958801, "epoch": 2, "iter": 664, "step": 664}
{"lr": 0.019999999999999952, "data_time": 0.0038066530227661133, "loss": NaN, "loss_rpn_cls": NaN, "loss_rpn_bbox": NaN, "s0.loss_cls": NaN, "s0.acc": 100.0, "s0.loss_bbox": NaN, "s0.loss_mask": NaN, "s1.loss_cls": NaN, "s1.acc": 100.0, "s1.loss_bbox": NaN, "s1.loss_mask": NaN, "s2.loss_cls": NaN, "s2.acc": 100.0, "s2.loss_bbox": NaN, "s2.loss_mask": NaN, "time": 2.841352982521057, "epoch": 2, "iter": 714, "step": 714}
{"data_time": 0.003025486784161262, "time": 0.8888544339054035, "step": 2}
{"lr": 0.019999999999999952, "data_time": 0.0038925933837890623, "loss": NaN, "loss_rpn_cls": NaN, "loss_rpn_bbox": NaN, "s0.loss_cls": NaN, "s0.acc": 100.0, "s0.loss_bbox": NaN, "s0.loss_mask": NaN, "s1.loss_cls": NaN, "s1.acc": 100.0, "s1.loss_bbox": NaN, "s1.loss_mask": NaN, "s2.loss_cls": NaN, "s2.acc": 100.0, "s2.loss_bbox": NaN, "s2.loss_mask": NaN, "time": 2.8596134853363036, "epoch": 3, "iter": 778, "step": 778}
