{"lr": 0.0019819639278557113, "data_time": 0.19777528285980225, "loss": 1.9287608933448792, "loss_rpn_cls": 0.3753004079312086, "loss_rpn_bbox": 0.01233080159407109, "s0.loss_cls": 0.19462254375219346, "s0.acc": 97.0703125, "s0.loss_bbox": 0.053653650857741014, "s0.loss_mask": 0.6605069613456727, "s1.loss_cls": 0.07880740294232964, "s1.acc": 99.4140625, "s1.loss_bbox": 0.006397195500103408, "s1.loss_mask": 0.32606986701488494, "s2.loss_cls": 0.05270529544446617, "s2.acc": 99.609375, "s2.loss_bbox": 0.0005808621298638172, "s2.loss_mask": 0.16778589725494386, "time": 9.424573855400086, "epoch": 1, "iter": 50, "step": 50}
{"lr": 0.0039839679358717435, "data_time": 0.005503349304199219, "loss": 1.3887597739696502, "loss_rpn_cls": 0.03955981897190213, "loss_rpn_bbox": 0.009139718348160386, "s0.loss_cls": 0.11350696168839931, "s0.acc": 95.5078125, "s0.loss_bbox": 0.16771761593176052, "s0.loss_mask": 0.543178071975708, "s1.loss_cls": 0.04289708595722914, "s1.acc": 96.2890625, "s1.loss_bbox": 0.028660862525721312, "s1.loss_mask": 0.2823467928171158, "s2.loss_cls": 0.014569981298409402, "s2.acc": 98.4375, "s2.loss_bbox": 0.003179869366740604, "s2.loss_mask": 0.1440030013024807, "time": 10.948328757286072, "epoch": 1, "iter": 100, "step": 100}
{"lr": 0.005985971943887774, "data_time": 0.006561274528503418, "loss": 1.3482636952400207, "loss_rpn_cls": 0.0349053115490824, "loss_rpn_bbox": 0.014475798832718283, "s0.loss_cls": 0.16626206725835802, "s0.acc": 88.671875, "s0.loss_bbox": 0.2086350453272462, "s0.loss_mask": 0.41791594654321673, "s1.loss_cls": 0.06533339738845825, "s1.acc": 92.578125, "s1.loss_bbox": 0.05942383163957857, "s1.loss_mask": 0.227615562081337, "s2.loss_cls": 0.021626303941011428, "s2.acc": 96.6796875, "s2.loss_bbox": 0.010133180381380953, "s2.loss_mask": 0.1219372646510601, "time": 12.618144578933716, "epoch": 1, "iter": 150, "step": 150}
{"lr": 0.007987975951903804, "data_time": 0.007285070419311523, "loss": NaN, "loss_rpn_cls": NaN, "loss_rpn_bbox": NaN, "s0.loss_cls": NaN, "s0.acc": 100.0, "s0.loss_bbox": NaN, "s0.loss_mask": NaN, "s1.loss_cls": NaN, "s1.acc": 100.0, "s1.loss_bbox": NaN, "s1.loss_mask": NaN, "s2.loss_cls": NaN, "s2.acc": 100.0, "s2.loss_bbox": NaN, "s2.loss_mask": NaN, "time": 9.292345695495605, "epoch": 1, "iter": 200, "step": 200}
{"lr": 0.009989979959919832, "data_time": 0.005727400779724121, "loss": NaN, "loss_rpn_cls": NaN, "loss_rpn_bbox": NaN, "s0.loss_cls": NaN, "s0.acc": 100.0, "s0.loss_bbox": NaN, "s0.loss_mask": NaN, "s1.loss_cls": NaN, "s1.acc": 100.0, "s1.loss_bbox": NaN, "s1.loss_mask": NaN, "s2.loss_cls": NaN, "s2.acc": 100.0, "s2.loss_bbox": NaN, "s2.loss_mask": NaN, "time": 4.068708596229553, "epoch": 1, "iter": 250, "step": 250}
{"lr": 0.011991983967935849, "data_time": 0.0053797483444213865, "loss": NaN, "loss_rpn_cls": NaN, "loss_rpn_bbox": NaN, "s0.loss_cls": NaN, "s0.acc": 100.0, "s0.loss_bbox": NaN, "s0.loss_mask": NaN, "s1.loss_cls": NaN, "s1.acc": 100.0, "s1.loss_bbox": NaN, "s1.loss_mask": NaN, "s2.loss_cls": NaN, "s2.acc": 100.0, "s2.loss_bbox": NaN, "s2.loss_mask": NaN, "time": 3.6419793653488157, "epoch": 1, "iter": 300, "step": 300}
{"lr": 0.01399398797595188, "data_time": 0.005999436378479004, "loss": NaN, "loss_rpn_cls": NaN, "loss_rpn_bbox": NaN, "s0.loss_cls": NaN, "s0.acc": 100.0, "s0.loss_bbox": NaN, "s0.loss_mask": NaN, "s1.loss_cls": NaN, "s1.acc": 100.0, "s1.loss_bbox": NaN, "s1.loss_mask": NaN, "s2.loss_cls": NaN, "s2.acc": 100.0, "s2.loss_bbox": NaN, "s2.loss_mask": NaN, "time": 4.491125926971436, "epoch": 1, "iter": 350, "step": 350}
{"data_time": 0.1203239985874721, "time": 1.673192682720366, "step": 1}
{"lr": 0.0165565531062124, "data_time": 0.006373763084411621, "loss": NaN, "loss_rpn_cls": NaN, "loss_rpn_bbox": NaN, "s0.loss_cls": NaN, "s0.acc": 100.0, "s0.loss_bbox": NaN, "s0.loss_mask": NaN, "s1.loss_cls": NaN, "s1.acc": 100.0, "s1.loss_bbox": NaN, "s1.loss_mask": NaN, "s2.loss_cls": NaN, "s2.acc": 100.0, "s2.loss_bbox": NaN, "s2.loss_mask": NaN, "time": 5.059308314323426, "epoch": 2, "iter": 414, "step": 414}
{"lr": 0.018558557114228425, "data_time": 0.005696353912353516, "loss": NaN, "loss_rpn_cls": NaN, "loss_rpn_bbox": NaN, "s0.loss_cls": NaN, "s0.acc": 100.0, "s0.loss_bbox": NaN, "s0.loss_mask": NaN, "s1.loss_cls": NaN, "s1.acc": 100.0, "s1.loss_bbox": NaN, "s1.loss_mask": NaN, "s2.loss_cls": NaN, "s2.acc": 100.0, "s2.loss_bbox": NaN, "s2.loss_mask": NaN, "time": 5.18449224948883, "epoch": 2, "iter": 464, "step": 464}
