{"lr": 0.0019819639278557113, "data_time": 0.19846436500549317, "loss": 2.0150626945495604, "loss_rpn_cls": 0.3990873006731272, "loss_rpn_bbox": 0.015682661603204907, "s0.loss_cls": 0.20237987224012613, "s0.acc": 95.8984375, "s0.loss_bbox": 0.0680370864357974, "s0.loss_mask": 0.6767536520957946, "s1.loss_cls": 0.0788897050730884, "s1.acc": 99.21875, "s1.loss_bbox": 0.0162117697600479, "s1.loss_mask": 0.34167288422584535, "s2.loss_cls": 0.04449309652205557, "s2.acc": 99.21875, "s2.loss_bbox": 0.0013486005610684514, "s2.loss_mask": 0.17050606787204742, "time": 7.562852177619934, "epoch": 1, "iter": 50, "step": 50}
{"lr": 0.0039839679358717435, "data_time": 0.005878572463989258, "loss": 1.3703660464286804, "loss_rpn_cls": 0.0395521186478436, "loss_rpn_bbox": 0.010327496565878391, "s0.loss_cls": 0.11323100544512271, "s0.acc": 98.046875, "s0.loss_bbox": 0.14491824999451638, "s0.loss_mask": 0.5578554075956345, "s1.loss_cls": 0.03711219523102045, "s1.acc": 98.828125, "s1.loss_bbox": 0.04222423275219626, "s1.loss_mask": 0.2746013566851616, "s2.loss_cls": 0.012276800060644745, "s2.acc": 99.8046875, "s2.loss_bbox": 0.006265622373848601, "s2.loss_mask": 0.13200156189501286, "time": 10.867044672966003, "epoch": 1, "iter": 100, "step": 100}
{"lr": 0.005985971943887774, "data_time": 0.005797123908996582, "loss": 1.4510685300827026, "loss_rpn_cls": 0.04290442200377584, "loss_rpn_bbox": 0.00814395005814731, "s0.loss_cls": 0.18916715271770954, "s0.acc": 96.2890625, "s0.loss_bbox": 0.17510389018803835, "s0.loss_mask": 0.47944030553102496, "s1.loss_cls": 0.06706780835986137, "s1.acc": 98.828125, "s1.loss_bbox": 0.08417166878003628, "s1.loss_mask": 0.24371344849467277, "s2.loss_cls": 0.018254936751909555, "s2.acc": 99.609375, "s2.loss_bbox": 0.01586983215634973, "s2.loss_mask": 0.12723112910985945, "time": 11.493624048233032, "epoch": 1, "iter": 150, "step": 150}
{"lr": 0.007987975951903804, "data_time": 0.006777682304382324, "loss": 1.461325695514679, "loss_rpn_cls": 0.09463509229943157, "loss_rpn_bbox": 0.014993305692914873, "s0.loss_cls": 0.12409150263294577, "s0.acc": 99.4140625, "s0.loss_bbox": 0.08017912518698722, "s0.loss_mask": 0.6401293224096298, "s1.loss_cls": 0.035041851019486786, "s1.acc": 99.4140625, "s1.loss_bbox": 0.024905623615195507, "s1.loss_mask": 0.2845129266381264, "s2.loss_cls": 0.014378874618560076, "s2.acc": 99.4140625, "s2.loss_bbox": 0.006335305942848209, "s2.loss_mask": 0.1421227616071701, "time": 10.86688768863678, "epoch": 1, "iter": 200, "step": 200}
{"lr": 0.009989979959919832, "data_time": 0.006001529693603516, "loss": 1.262597566843033, "loss_rpn_cls": 0.07759430218487978, "loss_rpn_bbox": 0.013226136721204967, "s0.loss_cls": 0.0801739582233131, "s0.acc": 99.609375, "s0.loss_bbox": 0.04755576130875852, "s0.loss_mask": 0.5957913225889206, "s1.loss_cls": 0.026077071521431208, "s1.acc": 99.609375, "s1.loss_bbox": 0.01216881969550741, "s1.loss_mask": 0.2693974584341049, "s2.loss_cls": 0.009033438651822507, "s2.acc": 99.609375, "s2.loss_bbox": 0.0015439369374871603, "s2.loss_mask": 0.13003536209464073, "time": 9.627205386161805, "epoch": 1, "iter": 250, "step": 250}
{"lr": 0.011991983967935849, "data_time": 0.006056675910949707, "loss": 1.4109778332710265, "loss_rpn_cls": 0.07369767010211944, "loss_rpn_bbox": 0.013637065715156495, "s0.loss_cls": 0.12018726978451014, "s0.acc": 98.4375, "s0.loss_bbox": 0.08058865938684903, "s0.loss_mask": 0.6627810633182526, "s1.loss_cls": 0.031012446656823157, "s1.acc": 98.828125, "s1.loss_bbox": 0.023137996679288335, "s1.loss_mask": 0.26362794935703276, "s2.loss_cls": 0.010018361541442573, "s2.acc": 99.4140625, "s2.loss_bbox": 0.004177550712774973, "s2.loss_mask": 0.128111791908741, "time": 11.05787874698639, "epoch": 1, "iter": 300, "step": 300}
{"lr": 0.01399398797595188, "data_time": 0.006746177673339844, "loss": 1.340229194164276, "loss_rpn_cls": 0.08441057987511158, "loss_rpn_bbox": 0.019130841756705194, "s0.loss_cls": 0.11559712305665017, "s0.acc": 91.9921875, "s0.loss_bbox": 0.09128015747759491, "s0.loss_mask": 0.5864556092023849, "s1.loss_cls": 0.033384377546608446, "s1.acc": 95.5078125, "s1.loss_bbox": 0.02674278689955827, "s1.loss_mask": 0.24733027935028076, "s2.loss_cls": 0.010833376119844616, "s2.acc": 98.4375, "s2.loss_bbox": 0.00462738870355679, "s2.loss_mask": 0.12043668560683728, "time": 11.153428382873535, "epoch": 1, "iter": 350, "step": 350}
{"coco/bbox_mAP": 0.068, "coco/bbox_mAP_50": 0.271, "coco/bbox_mAP_75": 0.007, "coco/bbox_mAP_s": -1.0, "coco/bbox_mAP_m": 0.088, "coco/bbox_mAP_l": 0.063, "coco/segm_mAP": 0.131, "coco/segm_mAP_50": 0.31, "coco/segm_mAP_75": 0.111, "coco/segm_mAP_s": -1.0, "coco/segm_mAP_m": 0.143, "coco/segm_mAP_l": 0.306, "data_time": 0.12526693117050897, "time": 5.5569300356365385, "step": 1}
{"lr": 0.0165565531062124, "data_time": 0.005472068786621094, "loss": 1.328620582818985, "loss_rpn_cls": 0.048322283755987884, "loss_rpn_bbox": 0.00958924436243251, "s0.loss_cls": 0.15738608837127685, "s0.acc": 97.4609375, "s0.loss_bbox": 0.16361286476254464, "s0.loss_mask": 0.46971121966838836, "s1.loss_cls": 0.05175641242414713, "s1.acc": 98.4375, "s1.loss_bbox": 0.0737649977602996, "s1.loss_mask": 0.2127543257176876, "s2.loss_cls": 0.017600840949453415, "s2.acc": 99.8046875, "s2.loss_bbox": 0.021207126594963484, "s2.loss_mask": 0.1029151725023985, "time": 11.158976888656616, "epoch": 2, "iter": 414, "step": 414}
{"lr": 0.018558557114228425, "data_time": 0.004367537498474121, "loss": 1.421103059053421, "loss_rpn_cls": 0.04003701584413648, "loss_rpn_bbox": 0.011513134784763679, "s0.loss_cls": 0.18424638770520688, "s0.acc": 94.7265625, "s0.loss_bbox": 0.18976918630301953, "s0.loss_mask": 0.44065630733966826, "s1.loss_cls": 0.07961576476693154, "s1.acc": 92.96875, "s1.loss_bbox": 0.1172113037481904, "s1.loss_mask": 0.19503392681479453, "s2.loss_cls": 0.029856517519801853, "s2.acc": 95.703125, "s2.loss_bbox": 0.04294849999831058, "s2.loss_mask": 0.09021500073373317, "time": 8.401211762428284, "epoch": 2, "iter": 464, "step": 464}
{"lr": 0.019999999999999952, "data_time": 0.005038905143737793, "loss": 1.1957200300693511, "loss_rpn_cls": 0.033570221746340397, "loss_rpn_bbox": 0.009866483260993845, "s0.loss_cls": 0.1489730017259717, "s0.acc": 97.65625, "s0.loss_bbox": 0.16634919505100698, "s0.loss_mask": 0.3611410364508629, "s1.loss_cls": 0.06294384650886059, "s1.acc": 98.828125, "s1.loss_bbox": 0.10981857646256685, "s1.loss_mask": 0.15258750483393668, "s2.loss_cls": 0.026043879613280297, "s2.acc": 99.21875, "s2.loss_bbox": 0.047529355295118876, "s2.loss_mask": 0.0768969401717186, "time": 9.350389037132263, "epoch": 2, "iter": 514, "step": 514}
{"lr": 0.019999999999999952, "data_time": 0.005603227615356445, "loss": 1.0569324398040771, "loss_rpn_cls": 0.026634506406262515, "loss_rpn_bbox": 0.009798000642331318, "s0.loss_cls": 0.13366455659270288, "s0.acc": 95.3125, "s0.loss_bbox": 0.13220478013157844, "s0.loss_mask": 0.3037320956587791, "s1.loss_cls": 0.05958841539919377, "s1.acc": 96.875, "s1.loss_bbox": 0.09534909378737211, "s1.loss_mask": 0.14829299166798593, "s2.loss_cls": 0.026856434997171164, "s2.acc": 97.8515625, "s2.loss_bbox": 0.04561018462700304, "s2.loss_mask": 0.07520137887448072, "time": 9.376657309532165, "epoch": 2, "iter": 564, "step": 564}
{"lr": 0.019999999999999952, "data_time": 0.005351896286010742, "loss": 1.1016367143392563, "loss_rpn_cls": 0.025368231059983374, "loss_rpn_bbox": 0.011587253516190686, "s0.loss_cls": 0.1358324771001935, "s0.acc": 92.7734375, "s0.loss_bbox": 0.1488832962140441, "s0.loss_mask": 0.3110233810544014, "s1.loss_cls": 0.06454557903110981, "s1.acc": 92.578125, "s1.loss_bbox": 0.11580208133906127, "s1.loss_mask": 0.13729945361614226, "s2.loss_cls": 0.027943166606128216, "s2.acc": 92.578125, "s2.loss_bbox": 0.05694362399517559, "s2.loss_mask": 0.06640816375613212, "time": 9.868470964431763, "epoch": 2, "iter": 614, "step": 614}
{"lr": 0.019999999999999952, "data_time": 0.005427217483520508, "loss": 1.143377965092659,