{"coco/bbox_mAP": 0.407, "coco/bbox_mAP_50": 0.748, "coco/bbox_mAP_75": 0.433, "coco/bbox_mAP_s": -1.0, "coco/bbox_mAP_m": -1.0, "coco/bbox_mAP_l": 0.407, "data_time": 0.2460736393928528, "time": 1.7576870441436767}