{"lr": 9.909819639278549e-05, "data_time": 0.21033327102661134, "loss": 1.014478018283844, "loss_rpn_cls": 0.6787576401233673, "loss_rpn_bbox": 0.02768063572701067, "loss_cls": 0.3025496273860335, "acc": 99.8046875, "loss_bbox": 0.005490103046104196, "time": 3.760401949882507, "epoch": 1, "iter": 50, "step": 50}
{"lr": 0.00019919839679358693, "data_time": 0.0026028776168823243, "loss": 0.6019290792942047, "loss_rpn_cls": 0.509543496966362, "loss_rpn_bbox": 0.023152157245203853, "loss_cls": 0.04243434190750122, "acc": 98.4375, "loss_bbox": 0.026799081054123236, "time": 5.614439816474914, "epoch": 1, "iter": 100, "step": 100}
{"lr": 0.00029929859719438854, "data_time": 0.002864556312561035, "loss": 0.2485737471282482, "loss_rpn_cls": 0.08875678278505802, "loss_rpn_bbox": 0.021156800244934857, "loss_cls": 0.06271920502185821, "acc": 98.828125, "loss_bbox": 0.07594095690175891, "time": 5.610645289421082, "epoch": 1, "iter": 150, "step": 150}
{"lr": 0.00039939879759519033, "data_time": 0.003015756607055664, "loss": 0.1577085393667221, "loss_rpn_cls": 0.03396642463281751, "loss_rpn_bbox": 0.016186790275387466, "loss_cls": 0.03206113167107105, "acc": 98.2421875, "loss_bbox": 0.07549419187009335, "time": 6.170401105880737, "epoch": 1, "iter": 200, "step": 200}
{"coco/bbox_mAP": 0.052, "coco/bbox_mAP_50": 0.265, "coco/bbox_mAP_75": 0.0, "coco/bbox_mAP_s": -1.0, "coco/bbox_mAP_m": -1.0, "coco/bbox_mAP_l": 0.052, "data_time": 0.31281226873397827, "time": 3.1174666047096253, "step": 1}
{"lr": 0.0005315310621242486, "data_time": 0.00217404842376709, "loss": 0.1410307279229164, "loss_rpn_cls": 0.027431238666176794, "loss_rpn_bbox": 0.016588101591914893, "loss_cls": 0.026894061602652074, "acc": 98.828125, "loss_bbox": 0.07011732674669474, "time": 4.804921269416809, "epoch": 2, "iter": 266, "step": 266}
{"lr": 0.0006316312625250505, "data_time": 0.002629666328430176, "loss": 0.13838428057730198, "loss_rpn_cls": 0.023180345483124257, "loss_rpn_bbox": 0.01523002895526588, "loss_cls": 0.028287378791719674, "acc": 99.609375, "loss_bbox": 0.07168652657419443, "time": 4.559379072189331, "epoch": 2, "iter": 316, "step": 316}
{"lr": 0.0007317314629258523, "data_time": 0.0022133255004882814, "loss": 0.13844780951738359, "loss_rpn_cls": 0.021250869184732436, "loss_rpn_bbox": 0.013557392242364585, "loss_cls": 0.033842297922819856, "acc": 97.8515625, "loss_bbox": 0.06979725074023008, "time": 4.272240710258484, "epoch": 2, "iter": 366, "step": 366}
{"lr": 0.0008318316633266553, "data_time": 0.0030458545684814453, "loss": 0.13830939173698426, "loss_rpn_cls": 0.020464457469061018, "loss_rpn_bbox": 0.015770408771932126, "loss_cls": 0.0362435688264668, "acc": 99.0234375, "loss_bbox": 0.06583095662295818, "time": 5.387871398925781, "epoch": 2, "iter": 416, "step": 416}
{"coco/bbox_mAP": 0.084, "coco/bbox_mAP_50": 0.46, "coco/bbox_mAP_75": 0.0, "coco/bbox_mAP_s": -1.0, "coco/bbox_mAP_m": -1.0, "coco/bbox_mAP_l": 0.084, "data_time": 0.001752910159883045, "time": 2.249115546544393, "step": 2}
{"lr": 0.0009639639278557139, "data_time": 0.002552790641784668, "loss": 0.10291605494916439, "loss_rpn_cls": 0.015748722413554787, "loss_rpn_bbox": 0.014857298294082284, "loss_cls": 0.019873773343861104, "acc": 98.6328125, "loss_bbox": 0.052436260730028154, "time": 5.442326121330261, "epoch": 3, "iter": 482, "step": 482}
{"lr": 0.0010000000000000028, "data_time": 0.0024305200576782227, "loss": 0.12027647711336613, "loss_rpn_cls": 0.015528217619284988, "loss_rpn_bbox": 0.014794286598917097, "loss_cls": 0.029565893728286028, "acc": 99.0234375, "loss_bbox": 0.06038807898759842, "time": 4.40987500667572, "epoch": 3, "iter": 532, "step": 532}
{"lr": 0.0010000000000000028, "data_time": 0.002356095314025879, "loss": 0.10392529465258121, "loss_rpn_cls": 0.01398299975786358, "loss_rpn_bbox": 0.013619002099148928, "loss_cls": 0.025339920800179244, "acc": 99.4140625, "loss_bbox": 0.05098337214440107, "time": 4.396101512908936, "epoch": 3, "iter": 582, "step": 582}
{"lr": 0.0010000000000000028, "data_time": 0.0022992324829101563, "loss": 0.09222253367304802, "loss_rpn_cls": 0.010636944337747992, "loss_rpn_bbox": 0.008533690785989166, "loss_cls": 0.020821483870968223, "acc": 99.4140625, "loss_bbox": 0.05223041471093893, "time": 4.281157727241516, "epoch": 3, "iter": 632, "step": 632}
{"coco/bbox_mAP": 0.259, "coco/bbox_mAP_50": 0.659, "coco/bbox_mAP_75": 0.21, "coco/bbox_mAP_s": -1.0, "coco/bbox_mAP_m": -1.0, "coco/bbox_mAP_l": 0.259, "data_time": 0.0019307363600957962, "time": 1.8171587558019728, "step": 3}
{"lr": 0.0010000000000000028, "data_time": 0.00219118595123291, "loss": 0.10261240653693676, "loss_rpn_cls": 0.012691415334120392, "loss_rpn_bbox": 0.01296205933438614, "loss_cls": 0.023702430576086043, "acc": 99.21875, "loss_bbox": 0.05325650118291378, "time": 4.303243041038513, "epoch": 4, "iter": 698, "step": 698}
{"lr": 0.0010000000000000028, "data_time": 0.0024307823181152345, "loss": 0.09748263694345952, "loss_rpn_cls": 0.012094322305638344, "loss_rpn_bbox": 0.01309763482771814, "loss_cls": 0.021326789669692515, "acc": 99.21875, "loss_bbox": 0.05096388954669237, "time": 4.441335973739624, "epoch": 4, "iter": 748, "step": 748}
{"lr": 0.0010000000000000028, "data_time": 0.0025047016143798827, "loss": 0.09250118605792522, "loss_rpn_cls": 0.009385447532404214, "loss_rpn_bbox": 0.011576070513110609, "loss_cls": 0.023573706839233637, "acc": 99.609375, "loss_bbox": 0.04796596188098192, "time": 4.463934230804443, "epoch": 4, "iter": 798, "step": 798}
{"lr": 0.0010000000000000028, "data_time": 0.0023399877548217775, "loss": 0.10123741768300533, "loss_rpn_cls": 0.012706558990757913, "loss_rpn_bbox": 0.010418976261280476, "loss_cls": 0.023947972673922777, "acc": 99.0234375, "loss_bbox": 0.0541639094799757, "time": 4.43807614326477, "epoch": 4, "iter": 848, "step": 848}
{"coco/bbox_mAP": 0.318, "coco/bbox_mAP_50": 0.744, "coco/bbox_mAP_75": 0.201, "coco/bbox_mAP_s": -1.0, "coco/bbox_mAP_m": -1.0, "coco/bbox_mAP_l": 0.318, "data_time": 0.0014219738188244048, "time": 1.884987467811221, "step": 4}
{"lr": 0.0010000000000000028, "data_time": 0.0055932760238647464, "loss": 0.09710615783929825, "loss_rpn_cls": 0.011210100715979934, "loss_rpn_bbox": 0.010839759369846434, "loss_cls": 0.02415835746563971, "acc": 98.828125, "loss_bbox": 0.05089793968945742, "time": 21.100194306373595, "epoch": 5, "iter": 914, "step": 914}
{"lr": 0.0010000000000000028, "data_time": 0.003776216506958008, "loss": 0.09107267320156097, "loss_rpn_cls": 0.010683885905891657, "loss_rpn_bbox": 0.011249193488620222, "loss_cls": 0.02234384002164006, "acc": 99.4140625, "loss_bbox": 0.04679575443267822, "time": 5.5267571926116945, "epoch": 5, "iter": 964, "step": 964}
{"lr": 0.0010000000000000028, "data_time": 0.00448641300201416, "loss": 0.08641163282096385, "loss_rpn_cls": 0.01154612511396408, "loss_rpn_bbox": 0.01048211679328233, "loss_cls": 0.01973572213202715, "acc": 96.875, "loss_bbox": 0.04464766889810562, "time": 27.37467349052429, "epoch": 5, "iter": 1014, "step": 1014}
{"lr": 0.0010000000000000028, "data_time": 0.002963576316833496, "loss": 0.08397983826696873, "loss_rpn_cls": 0.011276798825711011, "loss_rpn_bbox": 0.012287121408153325, "loss_cls": 0.016412460654973985, "acc": 99.609375, "loss_bbox": 0.04400345716625452, "time": 12.968777871131897, "epoch": 5, "iter": 1064, "step": 1064}
{"coco/bbox_mAP": 0.493, "coco/bbox_mAP_50": 0.818, "coco/bbox_mAP_75": 0.568, "coco/bbox_mAP_s": -1.0, "coco/bbox_mAP_m": -1.0, "coco/bbox_mAP_l": 0.493, "data_time": 0.004340625944591704, "time": 2.5377970990680514, "step": 5}
{"lr": 0.0010000000000000028, "data_time": 0.002756638526916504, "loss": 0.08889741949737072, "loss_rpn_cls": 0.01130845861043781, "loss_rpn_bbox": 0.009517586585134267, "loss_cls": 0.021578696835786105, "acc": 99.21875, "loss_bbox": 0.04649267742410302, "time": 6.707768297195434, "epoch": 6, "iter": 1130, "step": 1130}
{"lr": 0.0010000000000000028, "data_time": 0.0029847526550292967, "loss": 0.08442157663404942,