{"lr": 0.0019819639278557113, "data_time": 0.295469913482666, "loss": 1.9495512866973876, "loss_rpn_cls": 0.31207680322229864, "loss_rpn_bbox": 0.008452353810425847, "s0.loss_cls": 0.2768789543956518, "s0.acc": 98.4375, "s0.loss_bbox": 0.031347335002355974, "s0.loss_mask": 0.6616492998600007, "s1.loss_cls": 0.1078527236264199, "s1.acc": 99.8046875, "s1.loss_bbox": 0.0047012298682602705, "s1.loss_mask": 0.3229899019002914, "s2.loss_cls": 0.06452706376556307, "s2.acc": 99.8046875, "s2.loss_bbox": 0.00046723431905775213, "s2.loss_mask": 0.15860840678215027, "time": 10.064556427001953, "epoch": 1, "iter": 50, "step": 50}
{"lr": 0.0039839679358717435, "data_time": 0.003776583671569824, "loss": 1.2092862164974212, "loss_rpn_cls": 0.02300638606771827, "loss_rpn_bbox": 0.005724611928453669, "s0.loss_cls": 0.07999868359416723, "s0.acc": 98.4375, "s0.loss_bbox": 0.06416129179298878, "s0.loss_mask": 0.5737523013353347, "s1.loss_cls": 0.026842201948165893, "s1.acc": 99.21875, "s1.loss_bbox": 0.02070814052101923, "s1.loss_mask": 0.2753310579061508, "s2.loss_cls": 0.00728508438449353, "s2.acc": 99.8046875, "s2.loss_bbox": 0.003210986551384849, "s2.loss_mask": 0.1292654575407505, "time": 10.079093623161317, "epoch": 1, "iter": 100, "step": 100}
{"lr": 0.005985971943887774, "data_time": 0.006602740287780762, "loss": 1.323703557252884, "loss_rpn_cls": 0.022050588248530404, "loss_rpn_bbox": 0.007576252634753473, "s0.loss_cls": 0.10303052768111229, "s0.acc": 99.8046875, "s0.loss_bbox": 0.05485250239609741, "s0.loss_mask": 0.6620304948091507, "s1.loss_cls": 0.023139170808717607, "s1.acc": 99.8046875, "s1.loss_bbox": 0.014055821785004809, "s1.loss_mask": 0.29148643240332606, "s2.loss_cls": 0.0076956602418795225, "s2.acc": 99.8046875, "s2.loss_bbox": 0.0023035357921799005, "s2.loss_mask": 0.13548256263136862, "time": 17.053713536262514, "epoch": 1, "iter": 150, "step": 150}
{"lr": 0.007987975951903804, "data_time": 0.004507074356079102, "loss": 1.1863949477672577, "loss_rpn_cls": 0.015940910370554773, "loss_rpn_bbox": 0.005842343745753169, "s0.loss_cls": 0.06079197227954865, "s0.acc": 97.265625, "s0.loss_bbox": 0.04867812591139227, "s0.loss_mask": 0.6001176375150681, "s1.loss_cls": 0.017311953911557793, "s1.acc": 97.8515625, "s1.loss_bbox": 0.01470930224240874, "s1.loss_mask": 0.2850745689868927, "s2.loss_cls": 0.005799884884618222, "s2.acc": 98.828125, "s2.loss_bbox": 0.001656993864235119, "s2.loss_mask": 0.13047126412391663, "time": 10.242462639808656, "epoch": 1, "iter": 200, "step": 200}
{"lr": 0.009989979959919832, "data_time": 0.005313339233398437, "loss": 1.1993879079818726, "loss_rpn_cls": 0.03471470731310546, "loss_rpn_bbox": 0.021975138910347594, "s0.loss_cls": 0.08997014746069908, "s0.acc": 98.828125, "s0.loss_bbox": 0.06972206494538113, "s0.loss_mask": 0.5647750490903855, "s1.loss_cls": 0.025009334739297628, "s1.acc": 97.4609375, "s1.loss_bbox": 0.02185044571524486, "s1.loss_mask": 0.24877273201942443, "s2.loss_cls": 0.0077507719304412605, "s2.acc": 97.8515625, "s2.loss_bbox": 0.0032470264758740087, "s2.loss_mask": 0.11160049393773079, "time": 10.18497407913208, "epoch": 1, "iter": 250, "step": 250}
{"lr": 0.011991983967935849, "data_time": 0.006716227531433106, "loss": 1.3211168265342712, "loss_rpn_cls": 0.03733044645749033, "loss_rpn_bbox": 0.013488186532631516, "s0.loss_cls": 0.11297993119806052, "s0.acc": 99.8046875, "s0.loss_bbox": 0.0566207183059305, "s0.loss_mask": 0.6209106987714768, "s1.loss_cls": 0.028539809091016652, "s1.acc": 99.8046875, "s1.loss_bbox": 0.014178386500570923, "s1.loss_mask": 0.2864988571405411, "s2.loss_cls": 0.010647804914042354, "s2.acc": 99.8046875, "s2.loss_bbox": 0.0032461872091516853, "s2.loss_mask": 0.13667579375207425, "time": 11.470809378623962, "epoch": 1, "iter": 300, "step": 300}
{"data_time": 0.10748030200149074, "time": 2.355129487586744, "step": 1}
{"lr": 0.015955951903807587, "data_time": 0.005903425216674804, "loss": NaN, "loss_rpn_cls": NaN, "loss_rpn_bbox": NaN, "s0.loss_cls": NaN, "s0.acc": 100.0, "s0.loss_bbox": NaN, "s0.loss_mask": NaN, "s1.loss_cls": NaN, "s1.acc": 100.0, "s1.loss_bbox": NaN, "s1.loss_mask": NaN, "s2.loss_cls": NaN, "s2.acc": 100.0, "s2.loss_bbox": NaN, "s2.loss_mask": NaN, "time": 6.66357807636261, "epoch": 2, "iter": 399, "step": 399}
