{"lr": 0.0019819639278557113, "data_time": 0.40283047199249267, "loss": 1.9276457667350768, "loss_rpn_cls": 0.35620751336216927, "loss_rpn_bbox": 0.011434110561385751, "s0.loss_cls": 0.18784207794815302, "s0.acc": 94.140625, "s0.loss_bbox": 0.059414582883182444, "s0.loss_mask": 0.6815663969516754, "s1.loss_cls": 0.08540499188005925, "s1.acc": 98.046875, "s1.loss_bbox": 0.012158198094111868, "s1.loss_mask": 0.3200018945336342, "s2.loss_cls": 0.04752464566845447, "s2.acc": 98.828125, "s2.loss_bbox": 0.0017606831626471831, "s2.loss_mask": 0.16433065593242646, "time": 8.138041386604309, "epoch": 1, "iter": 50, "step": 50}
{"lr": 0.0039839679358717435, "data_time": 0.0034214401245117186, "loss": 1.3795461428165436, "loss_rpn_cls": 0.04121076548472047, "loss_rpn_bbox": 0.010237577168736607, "s0.loss_cls": 0.1255229590088129, "s0.acc": 96.6796875, "s0.loss_bbox": 0.17033463343977928, "s0.loss_mask": 0.5398579108715057, "s1.loss_cls": 0.03988447144627571, "s1.acc": 95.703125, "s1.loss_bbox": 0.05178076075811987, "s1.loss_mask": 0.25620310485363007, "s2.loss_cls": 0.012963257459923626, "s2.acc": 96.484375, "s2.loss_bbox": 0.008893485813550796, "s2.loss_mask": 0.12265722945332527, "time": 7.420304112434387, "epoch": 1, "iter": 100, "step": 100}
{"lr": 0.005985971943887774, "data_time": 0.00400747299194336, "loss": 1.5163492619991303, "loss_rpn_cls": 0.0460127511061728, "loss_rpn_bbox": 0.011586045036092401, "s0.loss_cls": 0.17258905977010727, "s0.acc": 98.2421875, "s0.loss_bbox": 0.1801344730705023, "s0.loss_mask": 0.534839261174202, "s1.loss_cls": 0.06512469091452658, "s1.acc": 99.609375, "s1.loss_bbox": 0.08871802314650268, "s1.loss_mask": 0.26139642030000687, "s2.loss_cls": 0.02139549904037267, "s2.acc": 99.609375, "s2.loss_bbox": 0.01717648981968523, "s2.loss_mask": 0.117376549243927, "time": 7.623582901954651, "epoch": 1, "iter": 150, "step": 150}
{"lr": 0.007987975951903804, "data_time": 0.004308252334594726, "loss": 1.3900863242149353, "loss_rpn_cls": 0.032452892549335956, "loss_rpn_bbox": 0.010496747300494462, "s0.loss_cls": 0.1618471710383892, "s0.acc": 92.1875, "s0.loss_bbox": 0.17409838793799282, "s0.loss_mask": 0.4402918392419815, "s1.loss_cls": 0.07271997258998454, "s1.acc": 96.875, "s1.loss_bbox": 0.11631339505780489, "s1.loss_mask": 0.22124895185232163, "s2.loss_cls": 0.022506281984969973, "s2.acc": 98.4375, "s2.loss_bbox": 0.030148328157083598, "s2.loss_mask": 0.10796235263347626, "time": 8.06066125869751, "epoch": 1, "iter": 200, "step": 200}
{"lr": 0.009989979959919832, "data_time": 0.004915885925292969, "loss": 1.3786845791339875, "loss_rpn_cls": 0.05683651455678046, "loss_rpn_bbox": 0.015786321230698376, "s0.loss_cls": 0.15483205005526543, "s0.acc": 91.2109375, "s0.loss_bbox": 0.16433741392567755, "s0.loss_mask": 0.47810167491436006, "s1.loss_cls": 0.055119459722191094, "s1.acc": 92.1875, "s1.loss_bbox": 0.08049854149576277, "s1.loss_mask": 0.22689746648073197, "s2.loss_cls": 0.01712526812683791, "s2.acc": 97.265625, "s2.loss_bbox": 0.018874931429018034, "s2.loss_mask": 0.11027493953704834, "time": 9.398003935813904, "epoch": 1, "iter": 250, "step": 250}
{"lr": 0.011991983967935849, "data_time": 0.004778928756713867, "loss": 1.1704608368873597, "loss_rpn_cls": 0.029442677553743125, "loss_rpn_bbox": 0.011660611424013041, "s0.loss_cls": 0.13925355412065982, "s0.acc": 94.921875, "s0.loss_bbox": 0.15950180750340223, "s0.loss_mask": 0.3266275382041931, "s1.loss_cls": 0.06641908952966333, "s1.acc": 95.3125, "s1.loss_bbox": 0.11232511665672064, "s1.loss_mask": 0.16444915935397147, "s2.loss_cls": 0.030543433842249213, "s2.acc": 96.09375, "s2.loss_bbox": 0.04565701500570867, "s2.loss_mask": 0.0845808345079422, "time": 10.960429639816285, "epoch": 1, "iter": 300, "step": 300}
{"lr": 0.01399398797595188, "data_time": 0.005530238151550293, "loss": 1.102613171339035, "loss_rpn_cls": 0.0223434639419429, "loss_rpn_bbox": 0.011340617591049523, "s0.loss_cls": 0.12302536681294442, "s0.acc": 98.6328125, "s0.loss_bbox": 0.17092220783233641, "s0.loss_mask": 0.2393314142525196, "s1.loss_cls": 0.07095332935452461, "s1.acc": 97.8515625, "s1.loss_bbox": 0.1496301120519638, "s1.loss_mask": 0.12884793266654015, "s2.loss_cls": 0.0362505971826613, "s2.acc": 99.609375, "s2.loss_bbox": 0.0824500168603845, "s2.loss_mask": 0.06751811817288399, "time": 13.513336572647095, "epoch": 1, "iter": 350, "step": 350}
