{"coco/bbox_mAP": 0.669, "coco/bbox_mAP_50": 0.969, "coco/bbox_mAP_75": 0.836, "coco/bbox_mAP_s": 0.2, "coco/bbox_mAP_m": 0.63, "coco/bbox_mAP_l": 0.707, "data_time": 0.09296104883906817, "time": 2.0828342847149783}