{"lr": 0.0019819639278557113, "data_time": 0.198395357131958, "loss": 1.2580488634109497, "loss_rpn_cls": 0.013089435919537208, "loss_rpn_bbox": 0.007227147308876738, "loss_cls": 0.1949328798800707, "acc": 94.140625, "loss_bbox": 0.1576591143012047, "loss_mask": 0.8851402938365937, "time": 4.729539456367493, "epoch": 1, "iter": 50, "step": 50}
{"lr": 0.0039839679358717435, "data_time": 0.002154388427734375, "loss": 0.700747886300087, "loss_rpn_cls": 0.015178112292778679, "loss_rpn_bbox": 0.006677082860842347, "loss_cls": 0.10171477399766445, "acc": 96.2890625, "loss_bbox": 0.1276641770452261, "loss_mask": 0.4495137420296669, "time": 5.076792621612549, "epoch": 1, "iter": 100, "step": 100}
{"lr": 0.005985971943887774, "data_time": 0.002553825378417969, "loss": 0.5262092366814614, "loss_rpn_cls": 0.013648964865715242, "loss_rpn_bbox": 0.011453785273479298, "loss_cls": 0.07776793289929629, "acc": 97.4609375, "loss_bbox": 0.09294571839272976, "loss_mask": 0.3303928354382515, "time": 4.978107438087464, "epoch": 1, "iter": 150, "step": 150}
{"lr": 0.007987975951903804, "data_time": 0.0023224496841430663, "loss": 0.3871037930250168, "loss_rpn_cls": 0.008172280247672461, "loss_rpn_bbox": 0.008592869208659976, "loss_cls": 0.06854256257414817, "acc": 96.09375, "loss_bbox": 0.07076643891632557, "loss_mask": 0.23102964356541633, "time": 4.822868452072144, "epoch": 1, "iter": 200, "step": 200}
{"lr": 0.009989979959919832, "data_time": 0.0027581024169921874, "loss": 0.5137699487805366, "loss_rpn_cls": 0.011334424194064923, "loss_rpn_bbox": 0.011742271902039646, "loss_cls": 0.07727713610976934, "acc": 97.4609375, "loss_bbox": 0.08138559520244598, "loss_mask": 0.33203052029013636, "time": 6.5520324754714965, "epoch": 1, "iter": 250, "step": 250}
{"lr": 0.011991983967935849, "data_time": 0.0029713249206542967, "loss": 0.5599522364139556, "loss_rpn_cls": 0.020307015615981073, "loss_rpn_bbox": 0.010619181806687266, "loss_cls": 0.09344100330024957, "acc": 98.046875, "loss_bbox": 0.08676173973828555, "loss_mask": 0.34882329612970353, "time": 6.779794526100159, "epoch": 1, "iter": 300, "step": 300}
{"lr": 0.01399398797595188, "data_time": 0.0029655790328979494, "loss": 0.5034417861700058, "loss_rpn_cls": 0.01132786501897499, "loss_rpn_bbox": 0.007851971569471062, "loss_cls": 0.08998111233115197, "acc": 97.8515625, "loss_bbox": 0.09287183355540037, "loss_mask": 0.3014090022444725, "time": 6.473197612762451, "epoch": 1, "iter": 350, "step": 350}
{"lr": 0.015995991983967908, "data_time": 0.00220705509185791, "loss": 0.5614090302586555, "loss_rpn_cls": 0.01793795955076348, "loss_rpn_bbox": 0.015420541868079453, "loss_cls": 0.08729341186583042, "acc": 97.8515625, "loss_bbox": 0.10222023349255323, "loss_mask": 0.3385368786007166, "time": 5.019680247306824, "epoch": 1, "iter": 400, "step": 400}
{"lr": 0.01799799599198394, "data_time": 0.0022473621368408205, "loss": 0.5623183465003967, "loss_rpn_cls": 0.016639392358483746, "loss_rpn_bbox": 0.009756266260519625, "loss_cls": 0.09177188165485858, "acc": 95.703125, "loss_bbox": 0.09707609906792641, "loss_mask": 0.3470747064054012, "time": 4.890677924156189, "epoch": 1, "iter": 450, "step": 450}
{"lr": 0.019999999999999952, "data_time": 0.0022042322158813475, "loss": 0.8091150414943695, "loss_rpn_cls": 0.027032597444485874, "loss_rpn_bbox": 0.013293826966546476, "loss_cls": 0.11427719730883837, "acc": 97.4609375, "loss_bbox": 0.10958741802722216, "loss_mask": 0.5449239999055863, "time": 4.709662370681762, "epoch": 1, "iter": 500, "step": 500}
{"coco/bbox_mAP": 0.011, "coco/bbox_mAP_50": 0.047, "coco/bbox_mAP_75": 0.0, "coco/bbox_mAP_s": -1.0, "coco/bbox_mAP_m": -1.0, "coco/bbox_mAP_l": 0.011, "coco/segm_mAP": 0.004, "coco/segm_mAP_50": 0.019, "coco/segm_mAP_75": 0.0, "coco/segm_mAP_s": -1.0, "coco/segm_mAP_m": -1.0, "coco/segm_mAP_l": 0.004, "data_time": 0.04839861822557879, "time": 2.408505724357055, "step": 1}
{"lr": 0.019999999999999952, "data_time": 0.0022730350494384764, "loss": 0.9085786783695221, "loss_rpn_cls": 0.024337904411368072, "loss_rpn_bbox": 0.012967448001727461, "loss_cls": 0.15267174318432808, "acc": 96.875, "loss_bbox": 0.14413699731230736, "loss_mask": 0.5744645863771438, "time": 5.369830703735351, "epoch": 2, "iter": 594, "step": 594}
{"lr": 0.019999999999999952, "data_time": 0.0025873661041259767, "loss": NaN, "loss_rpn_cls": NaN, "loss_rpn_bbox": NaN, "loss_cls": NaN, "acc": 100.0, "loss_bbox": NaN, "loss_mask": NaN, "time": 5.484010305404663, "epoch": 2, "iter": 644, "step": 644}
{"lr": 0.019999999999999952, "data_time": 0.0029428577423095703, "loss": NaN, "loss_rpn_cls": NaN, "loss_rpn_bbox": NaN, "loss_cls": NaN, "acc": 100.0, "loss_bbox": NaN, "loss_mask": NaN, "time": 4.245542979240417, "epoch": 2, "iter": 694, "step": 694}
{"lr": 0.019999999999999952, "data_time": 0.0026854658126831054, "loss": NaN, "loss_rpn_cls": NaN, "loss_rpn_bbox": NaN, "loss_cls": NaN, "acc": 100.0, "loss_bbox": NaN, "loss_mask": NaN, "time": 4.342940926551819, "epoch": 2, "iter": 744, "step": 744}
